<?xml version="1.0" encoding="UTF-8" ?>
<!DOCTYPE mapper
 PUBLIC "-//mybatis.org//DTD Mapper 3.0//EN"
"http://www.mybatis.org/dtd/mybatis-3-mapper.dtd">
<mapper namespace="com.local.web.health.dao.WeightLogDao">

	<select id="queryAll" resultType="map">
	       SELECT 
               logId,log.userId,userName,nickName,weight,log.timeId,timeName,logTime 
           FROM 
               Health_T_WeightLog log,
               Health_T_User user,
               Health_T_TimeElm telm
           where
               log.userId = user.userId
               and log.timeId = telm.timeId
	</select>

	<select id="queryByMap" resultType="map">
	       SELECT 
               logId,log.userId,userName,nickName,weight,log.timeId,timeName,logTime 
           FROM 
               Health_T_WeightLog log,
               Health_T_User user,
               Health_T_TimeElm time
           <where>
                log.userId = user.userId
                and log.timeId = time.timeId
                <if test="logId != null" >
                    and log.logId = #{logId}
                </if>
                <if test="userId != null" >
                    and log.userId = #{userId}
                </if>
                <if test="userName != null" >
                    and user.userName like "%"#{userName}"%"
                </if>
                <if test="weight != null" >
                    and log.weight = #{weight}
                </if>
                <if test="timeId != null" >
                    and log.timeId = #{timeId}
                </if>
                <if test="timeName != null" >
                    and time.timeName like "%"#{timeName}"%"
                </if>
                <if test="logTime != null" >
                    and log.logTime = #{logTime}
                </if>
           </where>
	</select>
	
	
	<select id="queryByExample" resultType="WeightLog" parameterType="WeightLog">
	   SELECT logId,userId,weight,timeId,logTime FROM Health_T_WeightLog 
	         <where>
                <if test="logId != null" >
                    logId = #{logId}
                </if>
                <if test="userId != null" >
                    and userId = #{userId}
                </if>
                <if test="weight != null" >
                    and weight = #{weight}
                </if>
                <if test="timeId != null" >
                    and timeId = #{timeId}
                </if>
                <if test="logTime != null" >
                    and logTime = #{logTime}
                </if>
            </where>
	</select>
	

	<!-- SELECT @@IDENTITY AS id SELECT LAST_INSERT_ID() -->
	<insert id="add" parameterType="WeightLog" keyProperty="logId" keyColumn="logId">
		<selectKey resultType="int" keyProperty="logId" order="AFTER">SELECT @@IDENTITY as logId</selectKey>
		<![CDATA[insert Health_T_WeightLog (userId,weight,timeId,logTime) values(#{userId},#{weight},#{timeId},#{logTime})]]>
	</insert>
	
	<delete id="delByExample" parameterType="WeightLog">
	   delete from Health_T_WeightLog 
            <where>
				<if test="logId != null" >
				    logId = #{logId}
				</if>
				<if test="userId != null" >
				    and userId = #{userId}
				</if>
				<if test="weight != null" >
				    and weight = #{weight}
				</if>
				<if test="timeId != null" >
				    and timeId = #{timeId}
				</if>
				<if test="logTime != null" >
				    and logTime = #{logTime}
				</if>
            </where>
	</delete>
	
	<update id="updateByExample"  parameterType="WeightLog">
	   update Health_T_WeightLog
	   <set>
	       <if test="userId != null" >
               userId = #{userId}
           </if>
           <if test="weight != null" >
               and weight = #{weight}
           </if>
           <if test="timeId != null" >
               and timeId = #{timeId}
           </if>
           <if test="logTime != null" >
               and logTime = #{logTime}
           </if>
	   </set> 
	   where logId=#{logId}
	</update>
	


</mapper>