<?xml version="1.0" encoding="UTF-8" ?>
<!DOCTYPE mapper
 PUBLIC "-//mybatis.org//DTD Mapper 3.0//EN"
"http://www.mybatis.org/dtd/mybatis-3-mapper.dtd">
<mapper namespace="com.local.web.health.dao.UserDao">

	<select id="queryAll" resultType="User">
	   <![CDATA[
	       SELECT userId,userName,nickName,password FROM Health_T_User
	   ]]>
	</select>



	<select id="queryByName" resultType="User">
	   <![CDATA[
	       SELECT userId,userName,nickName,password FROM Health_T_User where USERNAME=#{username}
	   ]]>
	</select>
	
	
	<select id="queryByExample" resultType="User" parameterType="User">
	   SELECT userId,userName,nickName,password FROM Health_T_User 
	       <where>
	       		<if test="userId != null" >
	       			userId = #{userId}
	       		</if>
	       		<if test="userName != null" >
	       			and userName = #{userName}
	       		</if>
	       		<if test="nickName != null" >
	       			and nickName = #{nickName}
	       		</if>
	       		<if test="password != null" >
	       			and password = #{password}
	       		</if>
	       </where>
	</select>
	

	<!-- SELECT @@IDENTITY AS id SELECT LAST_INSERT_ID() -->
	<insert id="add" parameterType="User" keyProperty="userId" keyColumn="userId">
		<selectKey resultType="int" keyProperty="userId" order="AFTER">SELECT @@IDENTITY as userId</selectKey>
		<![CDATA[insert Health_T_User (userName,nickName,password) values(#{userName},#{nickName},#{password})]]>
	</insert>
	
	<delete id="delByUserName" parameterType="string">
	   delete from Health_T_User where userName=#{username}
	</delete>
	
	<update id="updateByUserName">
	   update Health_T_User
	   <set>
	       <if test="nickName != null" >
	           nickname=#{nickName},
	       </if>
	       <if test="password != null" >
               password=#{password},
           </if>
	   </set> 
	   where username=#{userName}
	</update>
	
	
	<delete id="delByExample" parameterType="User">
	   delete from Health_T_User 
            <where>
	       		<if test="userId != null" >
	       			userId = #{userId}
	       		</if>
	       		<if test="userName != null" >
	       			and userName = #{userName}
	       		</if>
	       		<if test="nickName != null" >
	       			and nickName = #{nickName}
	       		</if>
	       		<if test="password != null" >
	       			and password = #{password}
	       		</if>
	       </where>
	</delete>
	
	<update id="updateByExample"  parameterType="User">
	   update Health_T_User
	   <set>
	   	   <if test="nickName != null" >
	           username=#{userName},
	       </if>
	       <if test="nickName != null" >
	           nickname=#{nickName},
	       </if>
	       <if test="password != null" >
               password=#{password}
           </if>
	   </set> 
	   where userId=#{userId}
	</update>
	
	


</mapper>