<?xml version="1.0" encoding="UTF-8" ?>
<!DOCTYPE mapper
 PUBLIC "-//mybatis.org//DTD Mapper 3.0//EN"
"http://www.mybatis.org/dtd/mybatis-3-mapper.dtd">
<mapper namespace="com.local.web.health.dao.TimeElmDao">

	<select id="queryAll" resultType="TimeElm">
	   <![CDATA[
	       SELECT timeId,timeName,`orderno` FROM Health_T_TimeElm order by `orderno`
	   ]]>
	</select>
	
	
	<select id="queryByExample" resultType="TimeElm" parameterType="TimeElm">
	   SELECT timeId,timeName,`orderno` FROM Health_T_TimeElm 
	       <where>
	       		<if test="timeId != null" >
	       			timeId = #{timeId}
	       		</if>
	       		<if test="timeName != null" >
	       			and timeName like "%"#{timeName}"%"
	       		</if>
	       </where>
	</select>
	
	<select id="queryById" resultType="TimeElm" parameterType="int">
	   SELECT timeId,timeName,`orderno` FROM Health_T_TimeElm where timeId = #{timeId}
	</select>
	
	
	<select id="getNextOrder" resultType="int">
	   <![CDATA[
	       SELECT max(`orderno`)+1 as nextNum FROM Health_T_TimeElm
	   ]]>
	</select>
	

	<!-- SELECT @@IDENTITY AS id SELECT LAST_INSERT_ID() -->
	<insert id="add" parameterType="TimeElm" keyProperty="timeId" keyColumn="timeId">
		<selectKey resultType="int" keyProperty="timeId" order="AFTER">SELECT @@IDENTITY as timeId</selectKey>
		<![CDATA[insert Health_T_TimeElm (timeName,`orderno`) values(#{timeName},#{orderno})]]>
	</insert>
	
	<delete id="delByExample" parameterType="TimeElm">
	   delete from Health_T_TimeElm 
	       <where>
                <if test="timeId != null" >
                    timeId = #{timeId}
                </if>
                <if test="timeName != null" >
                    and timeName=#{timeName}
                </if>
                <if test="orderno != null" >
                    and `orderno`=#{orderno}
                </if>
           </where>
	</delete>
	
	<update id="updateByExample" parameterType="TimeElm">
	   update Health_T_TimeElm
	   <set>
	       <if test="timeName != null" >
	           timeName=#{timeName},
	       </if>
	       <if test="orderno != null" >
               `orderno`=#{orderno}
           </if>
	   </set> 
	   where timeId=#{timeId}
	</update>
	


</mapper>