<?xml version="1.0" encoding="UTF-8" ?>
<!DOCTYPE mapper
 PUBLIC "-//mybatis.org//DTD Mapper 3.0//EN"
"http://www.mybatis.org/dtd/mybatis-3-mapper.dtd">
<mapper namespace="com.local.web.health.dao.DataDao">

    <!-- #{table} #{sql}-->
	<select id="query" resultType="map" parameterType="map">
	   	select 
	   		<if test="fields == null" >
	   			*
	   		</if>
	   		<if test="fields != null" >
	   			${fields}
	   		</if>
	   	from ${table} 
	   	<where>
	       	<if test="condition != null" >
	            ${condition}
	       	</if>
	   	</where>
	   	<if test="order != null" >
            order by ${order}
        </if>
        <if test="start != null" >
            limit ${start},${size}
        </if>
	</select>
	
	<select id="queryTotal" resultType="int" parameterType="map">
        select 
            count(*) as total
        from ${table} 
        <where>
            <if test="condition != null" >
                ${condition}
            </if>
        </where>
        <if test="order != null" >
            order by ${order}
        </if>
    </select>
	

	<!-- SELECT @@IDENTITY AS id SELECT LAST_INSERT_ID() <![CDATA[]]>-->
	<insert id="add" parameterType="map">
		<selectKey resultType="int" keyProperty="id" order="AFTER">SELECT @@IDENTITY as id</selectKey>
		insert 
		${table}
		(${fields}) values(${values})
	</insert>
	
	<insert id="addBatch" parameterType="map">
		<selectKey resultType="int" keyProperty="id" order="AFTER">SELECT @@IDENTITY as id</selectKey>
		insert into ${table} (${fields}) values
		<foreach collection="vlist" item="values" index="index" separator="," >
			 (${values})
		</foreach>
	</insert>

	
	<delete id="del" parameterType="map">
	   delete from 
	   ${table}
       <where>
           <if test="condition != null" >
                ${condition}
            </if>
       </where>
	</delete>
	
	<update id="update"  parameterType="map">
	   update 
	   ${table}
	   <set>${sets}</set>
	   <where>
           <if test="condition != null" >
                ${condition}
            </if>
       </where>
	</update>
	


</mapper>