<?xml version="1.0" encoding="UTF-8" ?>
<!DOCTYPE mapper
 PUBLIC "-//mybatis.org//DTD Mapper 3.0//EN"
"http://www.mybatis.org/dtd/mybatis-3-mapper.dtd">
<mapper namespace="com.local.web.health.dao.ChatRecordDao">

	<!-- SELECT @@IDENTITY AS id SELECT LAST_INSERT_ID() -->
	<insert id="add" parameterType="ChatRecord" keyProperty="rid" keyColumn="rid">
		<selectKey resultType="int" keyProperty="rid" order="AFTER">SELECT @@IDENTITY as rid</selectKey>
		<![CDATA[insert Health_T_ChatRecord (rid,msg,date,`from`,from_nickname,`to`,to_nickname) values(#{rid},#{msg},#{date},#{from},#{from_nickname},#{to},#{to_nickname})]]>
	</insert>
	
	<delete id="delete" parameterType="ChatRecord">
	   delete from Health_T_ChatRecord 
            <where>
				<if test="rid != null" >
				    rid = #{rid}
				</if>
				<if test="from != null" >
				    and `from` = #{from}
				</if>
				<if test="to != null" >
				    and `to` = #{to}
				</if>
				<if test="date != null" >
				    and date = #{date}
				</if>
            </where>
	</delete>
	
	<select id="query" resultType="map">
	       select * from (
               SELECT 
                   rid,msg,date,`from`,from_nickname,`to`,to_nickname
               FROM 
                   Health_T_ChatRecord
               <where>
                    `from` = #{from} or `to` = #{to}
               </where>
               order by date desc
               limit #{start},#{size}
           ) a 
           order by date asc
	</select>

</mapper>