<?xml version="1.0" encoding="UTF-8" ?>
<!DOCTYPE mapper
 PUBLIC "-//mybatis.org//DTD Mapper 3.0//EN"
"http://www.mybatis.org/dtd/mybatis-3-mapper.dtd">
<mapper namespace="com.local.web.health.dao.BrowserDao">

	<select id="queryAll" resultType="map">
	       SELECT 
               bid,userAgent,screen,ip
           FROM 
               Health_T_Browser
	</select>

	<select id="queryByMap" resultType="map">
	       SELECT 
               bid,userAgent,screen,ip 
           FROM 
               Health_T_Browser
           <where>
                <if test="bid != null" >
                    bid = #{bid}
                </if>
                <if test="userAgent != null" >
                    and userAgent like "%"#{userAgent}"%"
                </if>
                <if test="screen != null" >
                    and ip screen "%"#{screen}"%"
                </if>
                <if test="ip != null" >
                    and ip like "%"#{ip}"%"
                </if>
           </where>
	</select>
	
	
	<select id="queryByExample" resultType="WeightLog" parameterType="WeightLog">
	       SELECT 
               bid,userAgent,screen,ip 
           FROM 
               Health_T_Browser
           <where>
                <if test="bid != null" >
                    bid = #{bid}
                </if>
                <if test="userAgent != null" >
                    and userAgent like "%"#{userAgent}"%"
                </if>
                <if test="screen != null" >
                    and ip screen "%"#{screen}"%"
                </if>
                <if test="ip != null" >
                    and ip like "%"#{ip}"%"
                </if>
           </where>
	</select>
	

	<!-- SELECT @@IDENTITY AS id SELECT LAST_INSERT_ID() -->
	<insert id="add" parameterType="WeightLog" keyProperty="bid" keyColumn="bid">
		<selectKey resultType="int" keyProperty="bid" order="AFTER">SELECT @@IDENTITY as bid</selectKey>
		<![CDATA[insert Health_T_Browser (userAgent,screen,ip) values(#{userAgent},#{screen},#{ip})]]>
	</insert>
	
	<delete id="delByExample" parameterType="WeightLog">
	   delete from Health_T_Browser 
            <where>
                <if test="bid != null" >
                    bid = #{bid}
                </if>
                <if test="userAgent != null" >
                    and userAgent like "%"#{userAgent}"%"
                </if>
                <if test="screen != null" >
                    and ip screen "%"#{screen}"%"
                </if>
                <if test="ip != null" >
                    and ip like "%"#{ip}"%"
                </if>
           </where>
	</delete>
	
	<update id="updateByExample"  parameterType="WeightLog">
	   update Health_T_Browser
	   <set>
           <if test="userAgent != null" >
               and userAgent = #{userAgent}
           </if>
           <if test="screen != null" >
               and screen = #{screen}
           </if>
           <if test="ip != null" >
               and ip = #{ip}
           </if>
	   </set> 
	   where bid=#{bid}
	</update>
	


</mapper>