<?xml version="1.0" encoding="UTF-8"?>
<beans xmlns="http://www.springframework.org/schema/beans"
	xmlns:xsi="http://www.w3.org/2001/XMLSchema-instance" xmlns:p="http://www.springframework.org/schema/p"
	xmlns:context="http://www.springframework.org/schema/context"
	xmlns:aop="http://www.springframework.org/schema/aop" xmlns:tx="http://www.springframework.org/schema/tx"
	xmlns:util="http://www.springframework.org/schema/util"
	xsi:schemaLocation="http://www.springframework.org/schema/beans
    http://www.springframework.org/schema/beans/spring-beans-3.2.xsd
    http://www.springframework.org/schema/context
    http://www.springframework.org/schema/context/spring-context-3.2.xsd
    http://www.springframework.org/schema/tx
    http://www.springframework.org/schema/tx/spring-tx-3.2.xsd
    http://www.springframework.org/schema/aop
    http://www.springframework.org/schema/aop/spring-aop-3.2.xsd
    http://www.springframework.org/schema/util 
    http://www.springframework.org/schema/util/spring-util-3.2.xsd">
    
    <!-- 上下文 -->
    <bean id="context" class="org.springframework.beans.factory.config.MapFactoryBean">
		<property name="sourceMap">
			<map>
				<entry key="saveType" value="${chat.upload.type}"></entry>
				<entry key="bcsPath" value="http://${baidu.bcs.host}/${baidu.bcs.bucket}/"></entry>
				<entry key="localPath" value="${web.context}${web.context.path}/upload/"></entry>
				<entry key="localSavePath" value="/upload"></entry>
			</map>
		</property>
	</bean>
	
    
    <!-- baidu 云存储服务 -->
    <bean id="credentials" class="com.baidu.inf.iis.bcs.auth.BCSCredentials" >
        <constructor-arg>
            <value>${baidu.user}</value>
        </constructor-arg>
        <constructor-arg>
            <value>${baidu.password}</value>
        </constructor-arg>
    </bean>
    <bean id="baiduBCS" class="com.baidu.inf.iis.bcs.BaiduBCS" >
        <constructor-arg ref="credentials" />
        <constructor-arg>
            <value >${baidu.bcs.host}</value>
        </constructor-arg>
        <property name="defaultEncoding" value="${baidu.bcs.encode}"/>
    </bean>
    
    <!-- 聊天文件上传服务  -->
    <bean id="chatUploadServiceImpl" class="com.local.web.health.service.impl.ChatUploadServiceImpl"/>
    
    <!-- 百度云存储服务 -->
    <bean id="baiduBCSServiceImpl" class="com.local.web.health.service.impl.BaiduBCSServiceImpl">
		<property name="baiduBCS" ref="baiduBCS"/>
		<property name="bucket" value="${baidu.bcs.bucket}" />
		<property name="bcsHost" value="http://${baidu.bcs.host}/" />
	</bean>
    
    
    <!-- baidu 二维码服务  -->
    <bean id="baiduImageServiceImpl" class="com.local.web.health.service.impl.BaiduImageServiceImpl">
		<property name="user" value="${baidu.user}" />
		<property name="password" value="${baidu.password}" />
		<property name="imageHost" value="${baidu.image_host}"/>
	</bean>
	
	<!-- 发送消息处理   -->
	<bean id="chatSendMsgHandler" class="com.local.web.health.chat.ChatSendMsgHandler" />
	
	<!-- 聊天记录监听 -->
	<bean id="chatRecordListenerServiceImpl" class="com.local.web.health.service.impl.ChatRecordListenerServiceImpl" />
	
	
    <bean id="dataSource" class="org.springframework.jdbc.datasource.DriverManagerDataSource">
		<property name="driverClassName" value="${jdbc_driverClassName}" />
		<property name="url" value="${jdbc_url}" />
		<property name="username" value="${jdbc_username}"/>
		<property name="password" value="${jdbc_password}"/>
	</bean>

	<!-- mybatis文件配置，扫描所有mapper文件 -->
	<bean id="sqlSessionFactory" class="org.mybatis.spring.SqlSessionFactoryBean"
		p:dataSource-ref="dataSource" p:configLocation="classpath:/conf/spring/spring-mybatis.xml"
		p:mapperLocations="classpath*:conf/sqlMap/sqlMap_*.xml" />
		<!-- configLocation为mybatis属性mapperLocations为所有mapper -->

	<!-- spring与mybatis整合配置，扫描所有dao -->
	<bean class="org.mybatis.spring.mapper.MapperScannerConfigurer"
		p:basePackage="com.local.web.health.dao" p:sqlSessionFactoryBeanName="sqlSessionFactory" />

	<!-- 对数据源进行事务管理 -->
	<bean id="transactionManager"
		class="org.springframework.jdbc.datasource.DataSourceTransactionManager"
		p:dataSource-ref="dataSource" />
		
	
</beans>