<?xml version="1.0" encoding="UTF-8" ?>
<!DOCTYPE configuration 
    PUBLIC "-//mybatis.org//DTD Config 3.0//EN" 
    "http://mybatis.org/dtd/mybatis-3-config.dtd">
<configuration>

    <!-- 设置缓存和延迟加载等等重要的运行时的行为方式 -->  
    <settings>  
        <!-- 设置超时时间，它决定驱动等待一个数据库响应的时间  -->  
        <setting name="defaultStatementTimeout" value="25000"/>  
    </settings>  
    
    <!-- 命名空间 -->
    <typeAliases>
         <typeAlias alias="User" type="com.local.web.health.model.User"/>
         <typeAlias alias="TimeElm" type="com.local.web.health.model.TimeElm"/>
         <typeAlias alias="WeightLog" type="com.local.web.health.model.WeightLog"/>
         <typeAlias alias="ChatRecord" type="com.local.web.health.model.ChatRecord"/>
    </typeAliases>

    <!-- 映射map -->
    <mappers>
    </mappers>
</configuration>