<?xml version="1.0" encoding="UTF-8"?>
<!-- Bean头部 -->
<beans xmlns="http://www.springframework.org/schema/beans"
	xmlns:xsi="http://www.w3.org/2001/XMLSchema-instance" xmlns:p="http://www.springframework.org/schema/p"
	xmlns:mvc="http://www.springframework.org/schema/mvc" xmlns:context="http://www.springframework.org/schema/context"
	xmlns:util="http://www.springframework.org/schema/util"
	xsi:schemaLocation="http://www.springframework.org/schema/beans http://www.springframework.org/schema/beans/spring-beans-3.2.xsd  
            http://www.springframework.org/schema/context http://www.springframework.org/schema/context/spring-context-3.2.xsd  
            http://www.springframework.org/schema/mvc http://www.springframework.org/schema/mvc/spring-mvc-3.2.xsd              
            http://www.springframework.org/schema/util http://www.springframework.org/schema/util/spring-util-3.2.xsd">

	<!-- 数据转换 会报ConversionFailedException异常
	<bean id="conversionService" class="org.springframework.format.support.FormattingConversionServiceFactoryBean">   
        <property name="converters">
            <list>
                <bean class="com.local.web.health.converter.StringToMap" />
            </list>
        </property>   
    </bean>	
    -->
    <!-- ②使用ConfigurableWebBindingInitializer注册conversionService   
	<bean id="webBindingInitializer" class="org.springframework.web.bind.support.ConfigurableWebBindingInitializer">  
	    <property name="conversionService" ref="conversionService"/>  
	</bean>
	<bean class="org.springframework.web.servlet.mvc.method.annotation.RequestMappingHandlerAdapter">
		<property name="webBindingInitializer" ref="webBindingInitializer"/>
	</bean>
    -->
    
	<!-- 避免IE在ajax请求时，返回json出现下载 -->
	<bean id="jacksonMessageConverter"
		class="org.springframework.http.converter.json.MappingJacksonHttpMessageConverter">
		<property name="supportedMediaTypes">
			<list>
				<value>text/html;charset=UTF-8</value>
			</list>
		</property>
	</bean>
	
	<!-- 激活@Controller模式  conversion-service="conversionService"-->
	<mvc:annotation-driven/>
	
	<!-- 自定义的属性编辑器  
	<bean id="customEditorConfigurer" class="org.springframework.beans.factory.config.CustomEditorConfigurer">  
		<property name="customEditors">  
	 		<map>  
	     		<entry key="java.util.Map">  
	         		<bean class="com.local.web.health.converter.MapEditor" />  
	      		</entry>  
	        </map>  
		</property>  
	</bean>  
	-->
	
    
    <!-- 资源文件处理 -->    
    <mvc:resources mapping="/scripts/**" location="/project/js/"/>  
    <mvc:resources mapping="/styles/**" location="/project/css/"/>  
    <mvc:resources mapping="/images/**" location="/project/images/"/>
    <mvc:resources mapping="/*.ico" location="/*.ico"/>  
    
    
    <!-- 自定义拦截链配置 -->
    <mvc:interceptors>
        <mvc:interceptor>
            <mvc:mapping path="/webadmin/*"/>
            <mvc:mapping path="/debug/browser*"/>
            <bean class="com.local.web.health.interceptor.LoginCheckInterceptor">
            	<property name="loginUrl" value="@{web.context.path}/@{health.login_url}" />
            </bean>
        </mvc:interceptor>
    </mvc:interceptors>
        
	<mvc:default-servlet-handler />

	<!-- 对包中的所有类进行扫描，以完成Bean创建和自动依赖注入的功能 需要更改 -->
	<context:component-scan base-package="com.local.web.health" />


	<!-- <bean class="org.springframework.web.servlet.view.ResourceBundleViewResolver">
		设定属性文件名为views
		<property name="basename" value="views"></property>
	</bean> -->

	<bean id="jspResolver"
		class="org.springframework.web.servlet.view.InternalResourceViewResolver">
		<property name="order" value="1" />
		<property name="viewClass">
			<value>org.springframework.web.servlet.view.InternalResourceView</value>
		</property>
		<property name="prefix">
			<value>/WEB-INF/jsp/</value>
		</property>
	</bean>
    
    <bean class="org.springframework.web.servlet.view.ContentNegotiatingViewResolver">
        <property name="viewResolvers">
            <list>
                <bean class="org.springframework.web.servlet.view.BeanNameViewResolver" />
                <ref bean="jspResolver"/>
                <ref bean="freemarkerResolver"/>
            </list>
        </property>
        <property name="defaultViews">
            <list>
                <!-- for application/json -->
                <bean class="org.springframework.web.servlet.view.json.MappingJacksonJsonView" />
            </list>
        </property>
    </bean>  
    
    
    
    <!-- 引入资源文件 -->
    <bean id="webPropertyConfig" class="org.springframework.beans.factory.config.PropertyPlaceholderConfigurer"> 
        <property name="locations"> 
          <list> 
              <value>classpath:conf/setting-web.properties</value>
          </list> 
        </property> 
        <property name="placeholderPrefix" value="@{" /> 
        <property name="systemPropertiesModeName" value="SYSTEM_PROPERTIES_MODE_OVERRIDE" /> 
    </bean>
    
    <!--===================== view resovler ===================== -->
    <bean id="viewResolver" abstract="true">
        <property name="attributes">
            <props>
                <prop key="web_context_path">@{web.context.path}</prop>
                <prop key="health_webadmin_title" >@{health.webadmin.title}</prop>
            </props>
        </property>
    </bean>

	<!-- ===================================================== -->
	<!-- ViewResolver For FreeMarker -->
	<!-- ===================================================== -->
	<bean id="freemarkerResolver" parent="viewResolver"
		class="org.springframework.web.servlet.view.freemarker.FreeMarkerViewResolver">
		<property name="order" value="0" />
		<property name="viewNames">
			<array>
				<value>*.ftl</value>
			</array>
		</property>
		<property name="requestContextAttribute" value="request" />
        <property name="exposeSpringMacroHelpers" value="true" />
        <property name="exposeRequestAttributes" value="true" />
        <property name="exposeSessionAttributes" value="true" />
        <property name="allowSessionOverride" value="true" />
		<property name="contentType" value="text/html;charset=utf-8" />
		<property name="viewClass">
			<value>org.springframework.web.servlet.view.freemarker.FreeMarkerView
			</value>
		</property>
	</bean>
	
	<!-- ===================================================== -->
	<!-- ViewResolver For FreeMarkerConfigurer -->
	<!-- ===================================================== -->
	<bean id="freemarkerConfig"
        class="org.springframework.web.servlet.view.freemarker.FreeMarkerConfigurer">
        <property name="defaultEncoding" value="UTF-8" />
        <property name="configuration" ref="freemarkerConfiguration" />
    </bean>
    
    <bean id="freemarkerConfiguration"
        class="org.springframework.ui.freemarker.FreeMarkerConfigurationFactoryBean">
        <description>Using the Config directly so we can use it outside the web tier</description>
        <property name="templateLoaderPaths">
            <list>
                <value>/WEB-INF/freemarker/</value>
                <value>/</value>
            </list>
        </property>
        <property name="configLocation">
            <value>classpath:conf/freemarker.properties</value>
        </property>
        
        <!--全局变量部分 -->
        <property name="freemarkerVariables">
            <map>
                <entry key="xml_escape" value-ref="fmXmlEscape" />
                <entry key="html_escape" value-ref="fmHtmlEscape" />
                <entry key="web_context_path" value="@{web.context.path}" />
                <entry key="health_webadmin_title" value="@{health.webadmin.title}" />
            </map>
        </property>
    </bean>
	
	<bean id="fmXmlEscape" class="freemarker.template.utility.XmlEscape" />
    <bean id="fmHtmlEscape" class="freemarker.template.utility.HtmlEscape" />
	
	
	<!-- 异常视图 -->
    <bean
        class="org.springframework.web.servlet.handler.SimpleMappingExceptionResolver">
        <property name="statusCodes">
            <props>
                <prop key="errors/error">500</prop>
                <prop key="errors/404">404</prop>
            </props>
        </property>
        <!-- 默认的全局异常页面 -->
        <property name="defaultErrorView" value="error-exception.ftl" />
        <!-- 默认HTTP状态码 -->
        <property name="defaultStatusCode" value="404"></property>
    </bean>
    
    <!-- 文件上传  -->
    <bean id="multipartResolver" class="org.springframework.web.multipart.commons.CommonsMultipartResolver">  
        <property name="defaultEncoding" value="UTF-8"/>  
        <!-- 指定所上传文件的总大小不能超过200KB。注意maxUploadSize属性的限制不是针对单个文件，而是所有文件的容量之和 -->  
        <property name="maxUploadSize" value="200000000"/>  
    </bean> 
	
	
	
</beans>