{
  "name": "less",
  "version": "1.7.5",
  "main": "./dist/less-1.7.5.js",
  "ignore": [
    "**/.*",
    "benchmark",
    "bin",
    "build",
    "lib",
    "test",
    "*.md",
    "LICENSE",
    "Gruntfile.js",
    "package.json",
    "bower.json"
  ],
  "homepage": "https://github.com/less/less",
  "_release": "1.7.5",
  "_resolution": {
    "type": "version",
    "tag": "v1.7.5",
    "commit": "ad19bfe8acebaea71f0414a9f1908d2a2f783c2f"
  },
  "_source": "git://github.com/less/less.git",
  "_target": "~1.7.0",
  "_originalSource": "less"
}