{
  "name": "bootstrap",
  "description": "The most popular front-end framework for developing responsive, mobile first projects on the web.",
  "version": "3.2.0",
  "keywords": [
    "css",
    "js",
    "less",
    "mobile-first",
    "responsive",
    "front-end",
    "framework",
    "web"
  ],
  "homepage": "http://getbootstrap.com",
  "main": [
    "less/bootstrap.less",
    "dist/css/bootstrap.css",
    "dist/js/bootstrap.js",
    "dist/fonts/glyphicons-halflings-regular.eot",
    "dist/fonts/glyphicons-halflings-regular.svg",
    "dist/fonts/glyphicons-halflings-regular.ttf",
    "dist/fonts/glyphicons-halflings-regular.woff"
  ],
  "ignore": [
    ".*",
    "_config.yml",
    "CNAME",
    "composer.json",
    "CONTRIBUTING.md",
    "docs",
    "js/tests",
    "test-infra"
  ],
  "dependencies": {
    "jquery": ">= 1.9.0"
  },
  "_release": "3.2.0",
  "_resolution": {
    "type": "version",
    "tag": "v3.2.0",
    "commit": "c068162161154a4b85110ea1e7dd3d7897ce2b72"
  },
  "_source": "https://github.com/twbs/bootstrap.git",
  "_target": "~3.2.0",
  "_originalSource": "bootstrap"
}